Mean_Absolute_Error,Median_Absolute_Error,Max_Absolute_Error
65.0137047257902,49.24542317347937,477.2057543493486
